,Df,SumOfSqs,R2,F,Pr(>F),fdr
A1,1,0.722951772626793,0.168166572400307,5.82028232009378,0.001,0.0025
Moisture,1,0.867050070396282,0.201685429040726,6.98037737292979,0.001,0.0025
Management,3,1.01629392496373,0.236401199061216,2.72729928765647,0.003,0.005
