"","geneids","index.min"
"1","mir-2","0.192091016800271"
"2","mir-3","0.269794132203481"
"3","mir-6","0.208492791727937"
"4","mir-7","-0.271736098623698"
"5","mir-10","0.101645802209412"
"6","mir-11","-0.217623628359751"
